"conversation_id_str","created_at","favorite_count","full_text","id_str","image_url","in_reply_to_screen_name","lang","location","quote_count","reply_count","retweet_count","tweet_url","user_id_str","username"
"431488089509212160","Thu Feb 06 18:02:31 +0000 2014","0","#beritaSMG Korban Banjir Dilanda Depresi http://t.co/R8V2eDqFdw | suaramerdeka","431488089509212160","","","in","","0","0","1","https://x.com/undefined/status/431488089509212160","180652518",
"431475433633095680","Thu Feb 06 17:12:14 +0000 2014","0","Korban Banjir Dilanda Depresi http://t.co/FpV4niTAQN","431475433633095680","","","in","","0","0","1","https://x.com/undefined/status/431475433633095680","219527452",
"431471265753231360","Thu Feb 06 16:55:40 +0000 2014","0","Korban Banjir Dilanda Depresi http://t.co/YTCg4nzAmB","431471265753231360","","","in","","0","0","0","https://x.com/undefined/status/431471265753231360","219527452",
"431451220020969474","Thu Feb 06 15:36:01 +0000 2014","9","Perempuan yang secara teratur minum kopi berkafein kemungkinannya terkena depresi 20 persen lebih jarang. Baca di http://t.co/qMm5Ah7ldp","431451220020969474","","","in","","0","3","50","https://x.com/undefined/status/431451220020969474","36904795",
"431449711195602944","Thu Feb 06 15:30:01 +0000 2014","3","Depresi dapat membuat orang secara fisik terlihat lebih tua daripada usianya karena mempercepat proses penuaan sel http://t.co/G1nWJRNwYP","431449711195602944","","","in","","0","0","17","https://x.com/undefined/status/431449711195602944","36904795",
"431442664442331136","Thu Feb 06 15:02:01 +0000 2014","18","Sebuah studi mengatakan bahwa manusia yang tidur menggunakan banyak bantal cendrung cepat depresi. #Psikologi","431442664442331136","","","in","","0","16","222","https://x.com/undefined/status/431442664442331136","614166112",
"431406980394397696","Thu Feb 06 12:40:13 +0000 2014","1","WHO: depresi akan menjadi beban global penyakit kedua setelah penyakit jantung iskemik. http://t.co/87TE3mdzgQ","431406980394397696","","","in","","0","0","12","https://x.com/undefined/status/431406980394397696","36904795",
"431405934565261312","Thu Feb 06 12:36:04 +0000 2014","1","Depresi Akhir Tahun Lady Gaga yang Membawa Petaka http://t.co/KxICeKld32","431405934565261312","","","in","","0","0","2","https://x.com/undefined/status/431405934565261312","47596019",
"431396110611931137","Thu Feb 06 11:57:02 +0000 2014","0","Diduga Depresi Seorang Pria Bakar Diri di Pom Bensin http://t.co/P9ADyEltvZ","431396110611931137","","","in","","0","0","1","https://x.com/undefined/status/431396110611931137","214835683",
"431394763288240128","Thu Feb 06 11:51:41 +0000 2014","0","Diduga Depresi Seorang Pria Bakar Diri di Sekitar Pom Bensin http://t.co/ZrSkwavk99","431394763288240128","","","in","","0","0","1","https://x.com/undefined/status/431394763288240128","214835683",
"431390678183342080","Thu Feb 06 11:35:27 +0000 2014","21","Dampak dari depresi dan tekanan hidup bisa berpengaruh terhadap gangguan kesehatan fisik. #Psikologi","431390678183342080","","","in","","0","2","287","https://x.com/undefined/status/431390678183342080","614166112",
"431382688918822913","Thu Feb 06 11:03:42 +0000 2014","41","Sinar matahari pagi dapat melawan dan mengurangi depresi karena melepaskan endorfin yang berfungsi sebagai anti depresi alami.","431382688918822913","","","in","","0","11","444","https://x.com/undefined/status/431382688918822913","342430660",
"431382185078452224","Thu Feb 06 11:01:42 +0000 2014","0","Kesehatan emosional adl bagian penting. Usahakan lingkungan Anda mendukung utk tdk terjadi stress &amp; depresi. #7BulananMama","431382185078452224","","","in","","0","0","3","https://x.com/undefined/status/431382185078452224","176442910",
"431363543800115201","Thu Feb 06 09:47:37 +0000 2014","0","Lady Gaga Akui Depresi http://t.co/3LGR1foc4Y","431363543800115201","","","in","","0","1","12","https://x.com/undefined/status/431363543800115201","32358893",
"431345176619925505","Thu Feb 06 08:34:38 +0000 2014","2","Pisang bisa meningkatkan kadar Serotonin yang bisa melawan depresi","431345176619925505","","","in","","0","1","40","https://x.com/undefined/status/431345176619925505","600155513",
"431307583048388608","Thu Feb 06 06:05:15 +0000 2014","0","Pita hijau jg melambangkan kepedulian thdp depresi pada anak2 dan dewasa keselamatan kerja dan mengemudi anak hilang dan gangguan bipolar","431307583048388608","","","in","","0","0","0","https://x.com/undefined/status/431307583048388608","888120757",
"431234701551230976","Thu Feb 06 01:15:39 +0000 2014","28","Kecanduan internet dapat menimbulkan depresi karena jarang berkomunikasi dan bertatap muka ketika berbicara dengan orang lain. #Psikologi","431234701551230976","","","in","","0","2","337","https://x.com/undefined/status/431234701551230976","614166112",
"431224242089123840","Thu Feb 06 00:34:05 +0000 2014","0","Diduga Depresi Seorang Wanita Terjun ke Sumur http://t.co/8dixo1aVkg","431224242089123840","","","in","","0","0","0","https://x.com/undefined/status/431224242089123840","219527452",
"431205767115722752","Wed Feb 05 23:20:40 +0000 2014","12","Menurut riset psikologi membandingkan diri sendiri dengan orang lain adalah penyebab ketidakbahagiaan diri dan depresi. #Psikologi","431205767115722752","","","in","","0","1","141","https://x.com/undefined/status/431205767115722752","583719445",
"431195659321245696","Wed Feb 05 22:40:31 +0000 2014","4","Video games lebih efektif untuk memerangi depresi daripada konseling. #Psikologi","431195659321245696","","","in","","0","1","77","https://x.com/undefined/status/431195659321245696","583719445",
"429643420374556672","Sat Feb 01 15:52:28 +0000 2014","0","INFO MEDIS : Ini Tandanya Anda Depresi http://t.co/KUzWup9QSJ","429643420374556672","","","in","","0","0","0","https://x.com/undefined/status/429643420374556672","118371948",
"429637991342960640","Sat Feb 01 15:30:54 +0000 2014","5","Siapa yang tidur terbiasa dalam ruangan bercahaya? Ahli syaraf meyakini tidur seperti itu dapat memicu depresi. http://t.co/LXRtbXlzuE","429637991342960640","","","in","","0","1","20","https://x.com/undefined/status/429637991342960640","36904795",
"429632629579608064","Sat Feb 01 15:09:35 +0000 2014","1","Betul :-) Itu berarti kita blm hidup di masa sekarang @roviq68: @Haidar_Bagir pd saat ingin damai kita pasti sedang resah atau depresi :-)","429632629579608064","","","in","","0","1","0","https://x.com/undefined/status/429632629579608064","322517883",
"429610191806816256","Sat Feb 01 13:40:26 +0000 2014","1","Jika kita hidup di dunia monokrom kita semua akan depresi berat.","429610191806816256","","","in","","0","0","1","https://x.com/undefined/status/429610191806816256","246879632",
"429603843295281152","Sat Feb 01 13:15:12 +0000 2014","14"," Saat kau depresi kau hidup di masa lampau. Saat kau resah kau hidup di masa depan. Saat kau damai kau hidup di masa skarang Lao Tse","429603843295281152","","","in","","0","2","42","https://x.com/undefined/status/429603843295281152","322517883",
"429544741701967874","Sat Feb 01 09:20:21 +0000 2014","50","Jangan pernah buat keputusan penting disaat anda merasa takut depresi tertekan letih atau terlalu gembira","429544741701967874","","","in","","0","8","381","https://x.com/undefined/status/429544741701967874","140051054",
"429544428479332352","Sat Feb 01 09:19:06 +0000 2014","1","Eyy :\ RT @MirzaMHaekal: Ketika seseorang terlalu lama menjomblo dia bisa jd semakin depresi atau semakin ga laku. #psycholotwit","429544428479332352","","","in","","0","0","13","https://x.com/undefined/status/429544428479332352","191798619",
"429491811770327040","Sat Feb 01 05:50:02 +0000 2014","1","http://t.co/ysWnCWgocB Hrithik Roshan Masih Depresi Mantan Istrinya Sudah Party","429491811770327040","","","in","","0","1","7","https://x.com/undefined/status/429491811770327040","31355801",
"429350851170168833","Fri Jan 31 20:29:54 +0000 2014","1","Perenang Australia Peraih 5 Emas Olimpiade Derita Depresi http://t.co/bZQ8DddiZD via @voaindonesia","429350851170168833","","","in","","0","0","3","https://x.com/undefined/status/429350851170168833","17588443",
"429324447367954433","Fri Jan 31 18:44:59 +0000 2014","0","Depresi ternyata ga melulu terjadi karena banyak pikiran. Tapi juga karena kekurangan vitamin D. (Via @infoLengkap) | #ins0000mnia","429324447367954433","","","in","","0","0","7","https://x.com/undefined/status/429324447367954433","68657632",
"429297191681662977","Fri Jan 31 16:56:41 +0000 2014","0","#np @myLASTCHILD - Diary Depresi |NEXT @kotakband_ - Apa Bisa #EBSZona5watt cc : @DeniSaha","429297191681662977","","","in","","0","1","0","https://x.com/undefined/status/429297191681662977","69187790",
"429296281702252545","Fri Jan 31 16:53:04 +0000 2014","0","#np @jikustik - Bila Ada Cinta Yang Lain |NEXT| @myLASTCHILD - Diary Depresi #EBSZona5watt cc : @DeniSaha","429296281702252545","","","in","","0","0","0","https://x.com/undefined/status/429296281702252545","69187790",
"429247778423070720","Fri Jan 31 13:40:20 +0000 2014","0","Jika kita hidup di dunia monokrom kita semua akan depresi berat.","429247778423070720","","","in","","0","0","5","https://x.com/undefined/status/429247778423070720","246879632",
"429230531155226624","Fri Jan 31 12:31:48 +0000 2014","0","Ian Thorpe Tak Kecanduan Alkohol dan Depresi http://t.co/uxVljdmNDQ","429230531155226624","","","in","","0","0","3","https://x.com/undefined/status/429230531155226624","78239324",
"429227681188937729","Fri Jan 31 12:20:28 +0000 2014","0","Ian Thorpe Tak Kecanduan Alkohol dan Depresi http://t.co/e7moghUpbk","429227681188937729","","","in","","0","0","1","https://x.com/undefined/status/429227681188937729","78239324",
"429220105156034561","Fri Jan 31 11:50:22 +0000 2014","7","Sebuah studi mengatakan bahwa manusia yang tidur menggunakan banyak bantal cendrung cepat depresi. #Psikologi","429220105156034561","","","in","","0","4","57","https://x.com/undefined/status/429220105156034561","583719445",
"429140667256696832","Fri Jan 31 06:34:42 +0000 2014","3","Emosi negatif seperti rasa galau depresi dan marah dapat melemahkan sistem kekebalan tubuh manusia.","429140667256696832","","","in","","0","0","70","https://x.com/undefined/status/429140667256696832","600155513",
"429115579127975936","Fri Jan 31 04:55:01 +0000 2014","0","4 Alasan orang lebih mudah mengantuk saat depresi http://t.co/sfaOPHBdKs #Diagnosis","429115579127975936","","","in","","0","0","1","https://x.com/undefined/status/429115579127975936","456426648",
"429061294977597440","Fri Jan 31 01:19:18 +0000 2014","0","Perenang Australia Peraih 5 Emas Olimpiade Derita Depresi http://t.co/VWAnEt3pJk","429061294977597440","","","in","","0","0","2","https://x.com/undefined/status/429061294977597440","75077164",
"428885444676550656","Thu Jan 30 13:40:32 +0000 2014","1","Jika kita hidup di dunia monokrom kita semua akan depresi berat.","428885444676550656","","","in","","0","0","7","https://x.com/undefined/status/428885444676550656","246879632",
"427351486264524800","Sun Jan 26 08:05:08 +0000 2014","7","Menurut riset psikologi membandingkan diri sendiri dengan orang lain adalah penyebab ketidakbahagiaan diri dan depresi. #Psikologi","427351486264524800","","","in","","0","1","108","https://x.com/undefined/status/427351486264524800","583719445",
"427193016328417280","Sat Jan 25 21:35:26 +0000 2014","0","Stres depresi adl tanda dunia memerlukan lebih banyak kedamaian http://t.co/CUDMxecUGD","427193016328417280","","","in","","0","0","0","https://x.com/undefined/status/427193016328417280","321278412",
"427110334092947456","Sat Jan 25 16:06:53 +0000 2014","1","Tak Perlu Obat Depresi pun Bisa Diusir dengan Cara Sederhana Ini http://t.co/WdYTJ6IW9X","427110334092947456","","","in","","0","0","4","https://x.com/undefined/status/427110334092947456","259153904",
"427043225644572672","Sat Jan 25 11:40:13 +0000 2014","12","Remaja perempuan yang cenderung puas dengan bentuk tubuhnya tidak mudah terkena depresi. (Journal of Adolescent Health)","427043225644572672","","","in","","0","2","213","https://x.com/undefined/status/427043225644572672","614166112",
"426932366599139328","Sat Jan 25 04:19:42 +0000 2014","2","Depresi dan hipokondria umumnya terjadi dalam hubungan dengan penyakit radang panggul","426932366599139328","","","in","","0","0","5","https://x.com/undefined/status/426932366599139328","383109642",
"426917389138411520","Sat Jan 25 03:20:11 +0000 2014","8","Anak yang diberi ASI berisiko rendah mengalami depresi saat dewasa. (Jurnal Psychotherapy and Psychosomatics Livescience) #Psikologi","426917389138411520","","","in","","0","2","171","https://x.com/undefined/status/426917389138411520","614166112",
"426870940992286720","Sat Jan 25 00:15:37 +0000 2014","29","Depresi adalah suatu perasaan kesedihan yg psikopatologis yang disertai perasaan sedih kehilangan minat dan kegembiraan. #Psikologi","426870940992286720","","","in","","0","1","371","https://x.com/undefined/status/426870940992286720","614166112",
"426766583462371328","Fri Jan 24 17:20:57 +0000 2014","8","Menyanyi membantu mengurangi perasaan depresi / kecemasan dan meningkatkan oksigen ke paru-paru. #Psikologi","426766583462371328","","","in","","0","1","130","https://x.com/undefined/status/426766583462371328","583719445",
"426706911254155265","Fri Jan 24 13:23:50 +0000 2014","9","Anyway justin 'minum obat' 'make obat' sama ngobat itu beda ya. Justin emg minum anti depresant biar ga depresi gtu","426706911254155265","","","in","","0","14","190","https://x.com/undefined/status/426706911254155265","160936710",
"426694653380149248","Fri Jan 24 12:35:07 +0000 2014","1","Ambisi berlebihan membuat kehidupan penuh dg stres dan depresi http://t.co/CUDMxecUGD","426694653380149248","","","in","","0","0","2","https://x.com/undefined/status/426694653380149248","321278412",
"426625640981606401","Fri Jan 24 08:00:53 +0000 2014","0","Diduga Depresi Ibu Muda Tabrak Kereta Hingga Tewas di Arjawinangun Kabupaten Cirebon http://t.co/qbjTDF8SUr #beritacrb","426625640981606401","","","in","","0","1","0","https://x.com/undefined/status/426625640981606401","278855466",
"426599008761835520","Fri Jan 24 06:15:04 +0000 2014","2","Meditasi ternyata juga dapat membantu meringankan kegelisahan dan depresi http://t.co/eYjdjWGn0q","426599008761835520","","","in","","0","1","4","https://x.com/undefined/status/426599008761835520","106038219",
"426415857363734528","Thu Jan 23 18:07:17 +0000 2014","0","Wah! Buku Bisa Sembuhkan Depresi http://t.co/Q9rmH4vJMJ","426415857363734528","","","in","","0","0","1","https://x.com/undefined/status/426415857363734528","259153904",
"426392028310556672","Thu Jan 23 16:32:36 +0000 2014","0","Aku depresi @ardiiprakoso: Udah demam malah ini RT @RiaRicis: Sakit hati:( @ardiiprakoso: Ini nih bikin sakit RT @RiaRicis:","426392028310556672","","","in","","0","0","0","https://x.com/undefined/status/426392028310556672","117437980",
"426316235694145536","Thu Jan 23 11:31:25 +0000 2014","0","Ada temen kamu yg lagi bete/depresi? Peluk mereka! Krn pelukan dpt menghilangkan rasa kesendirian dan meningkatkan mood ;) #HealthTeen","426316235694145536","","","in","","0","0","24","https://x.com/undefined/status/426316235694145536","78263791",
"426277375207170048","Thu Jan 23 08:57:00 +0000 2014","2","Jgn pernah buat keputusan penting disaat anda merasa takut depresi tertekan letih atau terlalu gembira","426277375207170048","","","in","","0","0","37","https://x.com/undefined/status/426277375207170048","73843008",
"426269120535859200","Thu Jan 23 08:24:12 +0000 2014","9","Mulai depresi karena rambut gue nggak panjang-panjang. Yakinlah girls rambut pendek bondol cuma cakep pertamanya doang. &lt;/3","426269120535859200","","","in","","0","25","394","https://x.com/undefined/status/426269120535859200","38638309",
"426253672368975872","Thu Jan 23 07:22:49 +0000 2014","2","Quentin Tarantino Depresi Naskah Filmnya Bocor http://t.co/flMmnobT5Z","426253672368975872","","","in","","0","2","6","https://x.com/undefined/status/426253672368975872","69183155",
"426246051633188865","Thu Jan 23 06:52:32 +0000 2014","1","Quentin Tarantino Depresi Naskah Filmnya Bocor http://t.co/MQIV5qW44d","426246051633188865","","","in","","0","1","10","https://x.com/undefined/status/426246051633188865","51796251",
"426092123537293312","Wed Jan 22 20:40:53 +0000 2014","4","Sebuah studi mengatakan bahwa manusia yang tidur menggunakan banyak bantal cendrung cepat depresi. #Psikologi","426092123537293312","","","in","","0","2","41","https://x.com/undefined/status/426092123537293312","583719445",
"424137963371384832","Fri Jan 17 11:15:45 +0000 2014","4","[Video] RSJ Jabar Siapkan 32 Kamar untuk Caleg Depresi http://t.co/14YbBa2qsD","424137963371384832","","","in","","0","8","44","https://x.com/undefined/status/424137963371384832","55507370",
"423962950698041345","Thu Jan 16 23:40:18 +0000 2014","3","Seseorang yang mengonsumsi diet soda lebih mudah mengalami depresi. [American Academy of Neurology] #Psikologi","423962950698041345","","","in","","0","0","18","https://x.com/undefined/status/423962950698041345","583719445",
"423961531219329024","Thu Jan 16 23:34:40 +0000 2014","3","Durian mengandung banyak asam amino triptofan yang berguna untuk mengurangi rasa gelisah depresi dan mengobati insomnia","423961531219329024","","","in","","0","2","80","https://x.com/undefined/status/423961531219329024","600155513",
"423919085987307520","Thu Jan 16 20:46:00 +0000 2014","13","Short-term Insomnia yaitu insomnia yang berlangsung satu hingga tiga minggu disebabkan oleh permasalahan depresi atau stres. #Psikologi","423919085987307520","","","in","","0","3","211","https://x.com/undefined/status/423919085987307520","614166112",
"423854786107031552","Thu Jan 16 16:30:30 +0000 2014","1","Hasil penelitian ini diharapkan akan bisa membantu terapi orang yang mengalami depresi atau masalah tertentu. http://t.co/GRR1sUpYj6","423854786107031552","","","in","","0","0","1","https://x.com/undefined/status/423854786107031552","36904795",
"423846646393233408","Thu Jan 16 15:58:09 +0000 2014","1","Perempuan Usia 20 Tahun Rentan Alami Depresi http://t.co/Kdo00pPpqr","423846646393233408","","","in","","0","2","12","https://x.com/undefined/status/423846646393233408","47596019",
"423831426438410240","Thu Jan 16 14:57:41 +0000 2014","2","Remaja Puteri Lebih Rentan Depresi dan Cemas http://t.co/TuUw7scFpK","423831426438410240","","","in","","0","1","8","https://x.com/undefined/status/423831426438410240","22126902",
"423827939101130752","Thu Jan 16 14:43:49 +0000 2014","0","Kalau Bunda Putri? RT @tribunnews: Tribun Jakarta Remaja Puteri Lebih Rentan Depresi dan Cemas: http://t.co/MfTNPWvqvy","423827939101130752","","","in","","0","0","1","https://x.com/undefined/status/423827939101130752","101156777",
"423826772061192194","Thu Jan 16 14:39:11 +0000 2014","0","Tribun Jakarta Remaja Puteri Lebih Rentan Depresi dan Cemas: Remaja puteri tampaknya d... http://t.co/4QyMbVuFPY http://t.co/GxdpCGgad9","423826772061192194","","","in","","0","0","7","https://x.com/undefined/status/423826772061192194","124171593",
"423780639695831041","Thu Jan 16 11:35:52 +0000 2014","6","Remaja Lelaki yang Tidak Puas akan Fisiknya Cenderung Alami Depresi http://t.co/XT3s16Utu3 via @detikhealth","423780639695831041","","","in","","0","8","46","https://x.com/undefined/status/423780639695831041","69183155",
"423739304922198016","Thu Jan 16 08:51:37 +0000 2014","1","Remaja Lelaki yang Tidak Puas akan Fisiknya Cenderung Alami Depresi http://t.co/1UxZrrJSbb","423739304922198016","","","in","","0","0","12","https://x.com/undefined/status/423739304922198016","104446991",
"423730345591046145","Thu Jan 16 08:16:01 +0000 2014","0","Studi: Terlalu Lama Memakai Komputer Bisa Bikin Depresi http://t.co/n0wLJrI5wY","423730345591046145","","","in","","0","0","0","https://x.com/undefined/status/423730345591046145","276382129",
"423688765241303040","Thu Jan 16 05:30:48 +0000 2014","10","Short-term Insomnia yaitu insomnia yang berlangsung satu hingga tiga minggu disebabkan oleh permasalahan depresi atau stres. #Psikologi","423688765241303040","","","in","","0","0","58","https://x.com/undefined/status/423688765241303040","583719445",
"423665644685361152","Thu Jan 16 03:58:55 +0000 2014","0","Bagi Pasangan Ini Minum Urine Bisa Usir Depresi dan Bikin Semangat http://t.co/2nCZZ9oEtX","423665644685361152","","","in","","0","0","3","https://x.com/undefined/status/423665644685361152","104446991",
"423626777630474241","Thu Jan 16 01:24:29 +0000 2014","2","Hasil penelitian ini diharapkan akan bisa membantu terapi orang yang mengalami depresi atau masalah tertentu. http://t.co/GRR1sUpYj6","423626777630474241","","","in","","0","0","2","https://x.com/undefined/status/423626777630474241","36904795",
"423531489423130626","Wed Jan 15 19:05:50 +0000 2014","0","Terapi Shock untuk Depresi Ini Diklaim Bisa Hapus Kenangan Buruk http://t.co/UFiP7Gxegz","423531489423130626","","","in","","0","0","3","https://x.com/undefined/status/423531489423130626","259153904",
"423476185155125248","Wed Jan 15 15:26:05 +0000 2014","0","ada lagi judul berita.. RS jiwa dan caleg depresi bahwa RS jiwa menyiapkan banyak kamar untuk caleg yg depresi jika tidak terpilih..","423476185155125248","","","in","","0","0","0","https://x.com/undefined/status/423476185155125248","183585238",
"423466233884057600","Wed Jan 15 14:46:32 +0000 2014","1","Saat bingung atau depresi sebaiknya makan ikan atau makanan yang mengandung omega 3. Sehingga depresi dapat menghilang.","423466233884057600","","","in","","0","1","2","https://x.com/undefined/status/423466233884057600","105153235",
"423462424826900480","Wed Jan 15 14:31:24 +0000 2014","2","Mengkonsumsi ikan minimal 2 kali seminggu mengalami penurunan resiko depresi sekitar 50% karena 60% massa padat otak terdiri atas lemak.","423462424826900480","","","in","","0","0","0","https://x.com/undefined/status/423462424826900480","105153235",
"423458622958759936","Wed Jan 15 14:16:17 +0000 2014","2","Makanan yang mengandung asam lemak omega 3 seperti kacang-kacangan ikan salmon sangat bermanfaat menurunkan depresi.","423458622958759936","","","in","","0","0","2","https://x.com/undefined/status/423458622958759936","105153235",
"423454805567500289","Wed Jan 15 14:01:07 +0000 2014","0","Agar proses pencernaan berjalan baik sisihkan waktu setidaknya 7-10 menit untuk makan dalam suasana rileks dan tidak depresi.","423454805567500289","","","in","","0","0","2","https://x.com/undefined/status/423454805567500289","105153235",
"423366628684746752","Wed Jan 15 08:10:44 +0000 2014","0","#FaktaMantan orang yang mengekspresikan kekesalannya tentang mantan akan kecil kemungkinan untuk depresi dan lebih mudah move on","423366628684746752","","","in","","0","0","17","https://x.com/undefined/status/423366628684746752","1967021779",
"423311107789709312","Wed Jan 15 04:30:07 +0000 2014","0","Insomnia meningkatkan risiko seseorang mengalami depresi sebanyak 10 kali lipat.#kitaperlutahu","423311107789709312","","","in","","0","2","1","https://x.com/undefined/status/423311107789709312","288692148",
"423297162034675712","Wed Jan 15 03:34:42 +0000 2014","0","Menurut penelitian mereka yg mengalami depresi menjadi lebih baik ketika mengonsumsi pisang","423297162034675712","","","in","","0","0","26","https://x.com/undefined/status/423297162034675712","600155513",
"423130201955246080","Tue Jan 14 16:31:16 +0000 2014","18","Bernyanyi ketika kita berada di kamar mandi ternyata efektif untuk mengurangi stres dan depresi. #Psikologi","423130201955246080","","","in","","0","13","486","https://x.com/undefined/status/423130201955246080","614166112",
"423079141110333441","Tue Jan 14 13:08:22 +0000 2014","1","Christine Kuo Cuti Akting karena Depresi http://t.co/SiXNlx9vWr","423079141110333441","","","in","","0","0","0","https://x.com/undefined/status/423079141110333441","22126902",
"423046281007607808","Tue Jan 14 10:57:47 +0000 2014","2","TERPOPULER SHOWBIZ - Inikah Penyebab Novi Amelia Depresi? http://t.co/CtUCENKyxS","423046281007607808","","","in","","0","0","7","https://x.com/undefined/status/423046281007607808","41730943",
"422975276759658496","Tue Jan 14 06:15:39 +0000 2014","18","Orang yang tidak puas dengan hubungan mereka lebih depresi daripada orang lajang yang merasa kesepian. #Psikologi","422975276759658496","","","in","","0","10","250","https://x.com/undefined/status/422975276759658496","614166112",
"422974467942268929","Tue Jan 14 06:12:26 +0000 2014","2","Hasil penelitian ini diharapkan akan bisa membantu terapi orang yang mengalami depresi atau masalah tertentu. http://t.co/GRR1sUpYj6","422974467942268929","","","in","","0","0","0","https://x.com/undefined/status/422974467942268929","36904795",
"422973495186702336","Tue Jan 14 06:08:34 +0000 2014","2","#BangiiSays Penelitian telah membuktikan bahwa ketika u berbelanja di saat lapar depresi sedih dan lelah maka u akan (1/3)","422973495186702336","","","in","","0","1","2","https://x.com/undefined/status/422973495186702336","212543328",
"422687760126717952","Mon Jan 13 11:13:09 +0000 2014","4","Studi: Terlalu Lama Memakai Komputer Bisa Bikin Depresi http://t.co/YMKOdUcTEI via @detikhealth","422687760126717952","","","in","","0","14","103","https://x.com/undefined/status/422687760126717952","69183155",
"422673555013107712","Mon Jan 13 10:16:43 +0000 2014","4","Jgn pernah buat keputusan penting disaat anda merasa takut depresi tertekan letih atau terlalu gembira","422673555013107712","","","in","","0","0","26","https://x.com/undefined/status/422673555013107712","73843008",
"422634067348049920","Mon Jan 13 07:39:48 +0000 2014","1","Studi: Terlalu Lama Memakai Komputer Bisa Bikin Depresi http://t.co/VsWBLOmdpL","422634067348049920","","","in","","0","1","23","https://x.com/undefined/status/422634067348049920","104446991",
"422593661025517568","Mon Jan 13 04:59:14 +0000 2014","6","lihat di tv di surabaya ada rumah sakit khusus untuk caleg yang depresi karena gagal ...:)","422593661025517568","","","in","","0","20","60","https://x.com/undefined/status/422593661025517568","81049395",
"422535065831084034","Mon Jan 13 01:06:24 +0000 2014","0","Ini Kata Lady Gaga Tentang Depresi http://t.co/OPF11KqSE2","422535065831084034","","","in","","0","0","12","https://x.com/undefined/status/422535065831084034","32358893",
"422528578970853377","Mon Jan 13 00:40:38 +0000 2014","4","Menurut penelitian PR terlalu banyak sebenarnya dapat menyebabkan siswa menjadi stres depresi &amp; mendapat nilai lebih rendah.","422528578970853377","","","in","","0","2","75","https://x.com/undefined/status/422528578970853377","466274115",
"422515980888444928","Sun Jan 12 23:50:34 +0000 2014","17","Humor dapat menjadi obat mujarab untuk menghilangkan stres depresi suasana hati yang buruk dan meningkatkan sistem kekebalan tubuh.","422515980888444928","","","in","","0","4","444","https://x.com/undefined/status/422515980888444928","614166112",
"422510500618854400","Sun Jan 12 23:28:47 +0000 2014","20","Mengonsumsi tomat beberapa kali dalam satu minggu terbukti dapat mengurangi risiko depresi. [China's Tianjin Medical University] #Twitkes","422510500618854400","","","in","","0","4","198","https://x.com/undefined/status/422510500618854400","342430660",
"422488498659414016","Sun Jan 12 22:01:22 +0000 2014","32","Dysphoria adalah kondisi psikis yang kacau yang disebabkan karena overthinking depresi dan insomnia. #Psikologi","422488498659414016","","","in","","0","2","290","https://x.com/undefined/status/422488498659414016","614166112",
"422407692226146304","Sun Jan 12 16:40:16 +0000 2014","4","Sebuah studi menunjukkan bahwa pasangan yg menikah memiliki risiko lebih kecil terkena kanker penyakit jantung depresi &amp; stres. #Psikologi","422407692226146304","","","in","","0","1","39","https://x.com/undefined/status/422407692226146304","583719445",
"422373351286267905","Sun Jan 12 14:23:48 +0000 2014","1","Ini Kata Lady Gaga Tentang Depresi http://t.co/OPF11KqSE2","422373351286267905","","","in","","0","0","8","https://x.com/undefined/status/422373351286267905","32358893",
"422331331142373376","Sun Jan 12 11:36:50 +0000 2014","3","Sehari tanpa matahari memang membikin sedikit depresi","422331331142373376","","","in","","0","2","13","https://x.com/undefined/status/422331331142373376","252024332",
"422320648975708160","Sun Jan 12 10:54:23 +0000 2014","7","Inilah 5 variasi tipe kebosanan. Dari yang menyenangkan sampai yang mengacu kepada depresi. Ketahui lebih jauh via http://t.co/PPylhTs15p","422320648975708160","","","in","","0","0","11","https://x.com/undefined/status/422320648975708160","36904795",
"422318384219693057","Sun Jan 12 10:45:23 +0000 2014","30","Bipolar : Suasana hati penderitanya yg dapat berganti secara tiba-tiba antara kebahagiaan (mania) dan kesedihan (depresi) yang ekstrim. #PID","422318384219693057","","","in","","0","3","303","https://x.com/undefined/status/422318384219693057","614166112",
"422297275088379904","Sun Jan 12 09:21:30 +0000 2014","7","Wanita yang Depresi Bisa Bergairah Lagi di Ranjang dengan Cara Ini http://t.co/FdASMjyR62 via @detikhealth","422297275088379904","","","in","","0","4","35","https://x.com/undefined/status/422297275088379904","69183155",
"422296178848309250","Sun Jan 12 09:17:09 +0000 2014","3","Wanita yang Depresi Bisa Bergairah Lagi di Ranjang dengan Cara Ini http://t.co/kEEwG2LdRk","422296178848309250","","","in","","0","1","9","https://x.com/undefined/status/422296178848309250","104446991",
"422283083027849216","Sun Jan 12 08:25:07 +0000 2014","19","Humor dapat menjadi obat mujarab untuk menghilangkan stres depresi suasana hati yang buruk dan meningkatkan sistem kekebalan tubuh.","422283083027849216","","","in","","0","4","443","https://x.com/undefined/status/422283083027849216","614166112",
"422280761186607104","Sun Jan 12 08:15:53 +0000 2014","1","Hati-hati Emosi Bisa Menyebabkan Depresi http://t.co/bivvsymQ9y","422280761186607104","","","in","","0","0","0","https://x.com/undefined/status/422280761186607104","276382129",
"422241626782588928","Sun Jan 12 05:40:23 +0000 2014","0","Depresi si mbah gantung diri http://t.co/d0vKn21aVN","422241626782588928","","","in","","0","0","0","https://x.com/undefined/status/422241626782588928","262026799",
"422211989398499328","Sun Jan 12 03:42:37 +0000 2014","17","Manfaat Kesehatan Lada Hitam: Cegah Jerawat hingga Kurangi Depresi http://t.co/PBFxaODalF via @detikhealth","422211989398499328","","","in","","0","4","108","https://x.com/undefined/status/422211989398499328","69183155",
"422210623934455808","Sun Jan 12 03:37:11 +0000 2014","5","Manfaat Kesehatan Lada Hitam: Cegah Jerawat hingga Kurangi Depresi http://t.co/yMlxKSsibA","422210623934455808","","","in","","0","2","18","https://x.com/undefined/status/422210623934455808","104446991",
"422178874831937536","Sun Jan 12 01:31:02 +0000 2014","6","Kecanduan internet dapat menimbulkan depresi karena jarang berkomunikasi dan bertatap muka ketika berbicara dengan orang lain. #Psikologi","422178874831937536","","","in","","0","2","96","https://x.com/undefined/status/422178874831937536","583719445",
"422170672568098817","Sun Jan 12 00:58:26 +0000 2014","11","Naha sih loba jelema ketika sedih depresi patah hati galau teu bahagia hayang die wae cuma bisa bilang aing teu nanaon da -____-","422170672568098817","","","in","","0","0","170","https://x.com/undefined/status/422170672568098817","548129707",
"422061350467039232","Sat Jan 11 17:44:02 +0000 2014","1","Saran saya pak sby jangan gegabah dan panas mendengar ucapan anas sabar pak istifar jng ikut stress dan depresi ..bp adalah kepala negara!!","422061350467039232","","","in","","0","0","0","https://x.com/undefined/status/422061350467039232","135421381",
"421977196228792320","Sat Jan 11 12:09:38 +0000 2014","0","Durian mengandung banyak asam amino triptofan yang berguna untuk mengurangi rasa gelisah depresi dan mengobati insomnia.","421977196228792320","","","in","","0","0","0","https://x.com/undefined/status/421977196228792320","221879267",
"421930319948681216","Sat Jan 11 09:03:22 +0000 2014","1","Hasil penelitian ini diharapkan akan bisa membantu terapi orang yang mengalami depresi atau masalah tertentu. http://t.co/GRR1sUpYj6","421930319948681216","","","in","","0","0","5","https://x.com/undefined/status/421930319948681216","36904795",
"421876676142723072","Sat Jan 11 05:30:12 +0000 2014","41","Remaja yang tidur kurang dari 8-9 jam biasanya cepat marah mood mudah berubah bahkan mengalami depresi.","421876676142723072","","","in","","0","12","531","https://x.com/undefined/status/421876676142723072","1386178310",
"421804465558401026","Sat Jan 11 00:43:15 +0000 2014","0","Durian mengandung banyak asam amino triptofan yang berguna untuk mengurangi rasa gelisah depresi dan mengobati insomnia.","421804465558401026","","","in","","0","0","0","https://x.com/undefined/status/421804465558401026","221879267",
"421355067254796288","Thu Jan 09 18:57:31 +0000 2014","0","Durian mengandung banyak asam amino triptofan yang berguna untuk mengurangi rasa gelisah depresi dan mengobati insomnia.","421355067254796288","","","in","","0","0","0","https://x.com/undefined/status/421355067254796288","221879267",
"421314329607430144","Thu Jan 09 16:15:38 +0000 2014","0","Orang yang secara teratur membantu orang lain secara signifikan lebih bahagia dan lebih kecil kemungkinan menjadi depresi di masa tuanya.","421314329607430144","","","in","","0","0","7","https://x.com/undefined/status/421314329607430144","105153235",
"420536862319443968","Tue Jan 07 12:46:15 +0000 2014","0","3 Makanan Bisa Picu Anda Alami Depresi! http://t.co/JDhoEmTGH3 #GladisCo","420536862319443968","","","in","","0","0","1","https://x.com/undefined/status/420536862319443968","17588443",
"420514168614027264","Tue Jan 07 11:16:05 +0000 2014","1","Sang Nenek Juga Ikut Meninggal Leeteuk Tambah Depresi http://t.co/Rd4MOJxA9q","420514168614027264","","","in","","0","0","8","https://x.com/undefined/status/420514168614027264","47596019",
"420492523107135488","Tue Jan 07 09:50:04 +0000 2014","3","http://t.co/dnP9WI8bUG Ayah Leeteuk Bunuh Diri Karena Depresi?","420492523107135488","","","in","","0","6","30","https://x.com/undefined/status/420492523107135488","31355801",
"420484442595930113","Tue Jan 07 09:17:57 +0000 2014","1","Ayah Leeteuk Super Junior Depresi Sejak Lama Ajak Kakek dan Nenek Bunuh Diri http://t.co/1lMxU0Lzqg","420484442595930113","","","in","","0","0","6","https://x.com/undefined/status/420484442595930113","95854816",
"420484120330776577","Tue Jan 07 09:16:41 +0000 2014","0","Depresi Aktor India Ini Gantung Diri http://t.co/pMoruuxwDP","420484120330776577","","","in","","0","0","0","https://x.com/undefined/status/420484120330776577","95854816",
"420478546608271361","Tue Jan 07 08:54:32 +0000 2014","0","K-POP : Ayah Leeteuk Cekik Orang Tuanya karena Depresi http://t.co/PP8eFvtlNl","420478546608271361","","","in","","0","0","1","https://x.com/undefined/status/420478546608271361","118371948",
"420465128258408448","Tue Jan 07 08:01:13 +0000 2014","1","Insomnia tak nafsu makan sakit kepala? Mungkin kamu depresi atasi dengan cara ini &gt; http://t.co/AQrdN6MUUZ","420465128258408448","","","in","","0","0","3","https://x.com/undefined/status/420465128258408448","79972522",
"420460357254004736","Tue Jan 07 07:42:15 +0000 2014","1","Inilah yang mungkin menjadi alasan kenapa orang dengan otak tebal lebih terlindungi dari depresi. Baca di http://t.co/VS43dOxF6G","420460357254004736","","","in","","0","0","7","https://x.com/undefined/status/420460357254004736","36904795",
"420458508086018049","Tue Jan 07 07:34:54 +0000 2014","0","Mengkonsumsi buah tomat beberapa kali dlm kurun waktu seminggu dpt mengatasi perasaan depresi.","420458508086018049","","","in","","0","0","22","https://x.com/undefined/status/420458508086018049","600155513",
"420434656224235520","Tue Jan 07 06:00:08 +0000 2014","14","Ayah Leeteuk 'SuJu' Alami Depresi Sebelum Bunuh Diri http://t.co/1ZFlvJRmOe via @detikhot","420434656224235520","","","in","","0","17","98","https://x.com/undefined/status/420434656224235520","69183155",
"420431262684168192","Tue Jan 07 05:46:38 +0000 2014","0","Depresi Aktor India Ini Gantung Diri http://t.co/BzdmiQBfJO","420431262684168192","","","in","","0","0","2","https://x.com/undefined/status/420431262684168192","95854816",
"420418439446941696","Tue Jan 07 04:55:41 +0000 2014","14","Ayah Leeteuk 'SuJu' Alami Depresi Sebelum Bunuh Diri http://t.co/8e45TCrqZn","420418439446941696","","","in","","0","10","56","https://x.com/undefined/status/420418439446941696","137282671",
"420413120603910144","Tue Jan 07 04:34:33 +0000 2014","3","Mendengarkan musik benar-benar dapat mengurangi rasa sakit kronis hingga 20% dan membantu meringankan depresi hingga 25%.","420413120603910144","","","in","","0","0","54","https://x.com/undefined/status/420413120603910144","600155513",
"420386603190611969","Tue Jan 07 02:49:11 +0000 2014","0","http://t.co/Ujzq8yBBBk Ayah Leeteuk Super Junior Depresi Sejak Lama Ajak Kakek dan Nenek Bunuh Diri","420386603190611969","","","in","","0","1","5","https://x.com/undefined/status/420386603190611969","95854816",
"420367875342233600","Tue Jan 07 01:34:46 +0000 2014","3","Duduk bersama dgn teman-teman / keluarga utk makan bersama dpt meningkatkan kebahagiaan &amp; membantu meringankan depresi.","420367875342233600","","","in","","0","0","55","https://x.com/undefined/status/420367875342233600","600155513",
"420177404137439232","Mon Jan 06 12:57:54 +0000 2014","1","TERPOPULER KOSMO - Survei: 6 Januari Hari Paling Depresi Sepanjang 2014 http://t.co/NsfLmL09PF","420177404137439232","","","in","","0","2","27","https://x.com/undefined/status/420177404137439232","41730943",
"420140357243117568","Mon Jan 06 10:30:41 +0000 2014","0","Seseorang yang mengonsumsi diet soda lebih mudah mengalami depresi. [American Academy of Neurology] #Psikologi","420140357243117568","","","in","","0","0","39","https://x.com/undefined/status/420140357243117568","583719445",
"420105181880016896","Mon Jan 06 08:10:55 +0000 2014","1","Tak Perlu Obat Depresi pun Bisa Diusir dengan Cara Sederhana Ini http://t.co/anHfmrX2pJ","420105181880016896","","","in","","0","0","0","https://x.com/undefined/status/420105181880016896","276382129",
"420076822655541251","Mon Jan 06 06:18:13 +0000 2014","3","Perempuan yang secara teratur minum kopi berkafein kemungkinannya terkena depresi 20 persen lebih jarang http://t.co/qMm5Ah7ldp","420076822655541251","","","in","","0","3","35","https://x.com/undefined/status/420076822655541251","36904795",
"420064357532577792","Mon Jan 06 05:28:41 +0000 2014","0","Durian mengandung banyak asam amino triptofan yang berguna untuk mengurangi rasa gelisah depresi dan mengobati insomnia.","420064357532577792","","","in","","0","0","0","https://x.com/undefined/status/420064357532577792","221879267",
"420056857453924352","Mon Jan 06 04:58:53 +0000 2014","1","Stress tingkat dewa 1 fase lagi menuju zona depresi..","420056857453924352","","","in","","0","0","0","https://x.com/undefined/status/420056857453924352","2241026414",
"420016906834178048","Mon Jan 06 02:20:08 +0000 2014","0","Kacau lho Yaz. Dari tadi ngoceh kayak orang gila; depresi atau malah jangan-jangan naksir sih? Diaz #Hanafiah #LukisanHujan","420016906834178048","","","in","","0","1","8","https://x.com/undefined/status/420016906834178048","34252697",
"419999544386916352","Mon Jan 06 01:11:09 +0000 2014","0","Wah! Buku Bisa Sembuhkan Depresi http://t.co/yI4IyCcBjn","419999544386916352","","","in","","0","0","0","https://x.com/undefined/status/419999544386916352","276382129",
"419946598429638656","Sun Jan 05 21:40:45 +0000 2014","27","Mendengarkan musik benar-benar dapat mengurangi rasa sakit kronis hingga 20% dan membantu meringankan depresi hingga 25% #PIDinfo","419946598429638656","","","in","","0","2","376","https://x.com/undefined/status/419946598429638656","614166112",
"419917280236273666","Sun Jan 05 19:44:15 +0000 2014","0","Durian mengandung banyak asam amino triptofan yang berguna untuk mengurangi rasa gelisah depresi dan mengobati insomnia.","419917280236273666","","","in","","0","0","0","https://x.com/undefined/status/419917280236273666","221879267",
"419884426642735104","Sun Jan 05 17:35:57 +0000 2014","0",":( @revianawisda: Aku dong :( RT radenrauf: Konon katanya orang yg butuh byk bantal buat bisa tidur itu orang yg gampang stress dan depresi","419884992273997824","","revianawisda","in","","0","0","0","https://x.com/undefined/status/419884992273997824","26970305",
"419884862422532096","Sun Jan 05 17:35:26 +0000 2014","0",":( @GheyGembala: Gw donk | radenrauf: Konon katanya orang yg butuh banyak bantal buat bisa tidur itu orang yg gampang stress dan depresi. ","419884862422532096","","GheyGembala","in","","0","0","0","https://x.com/undefined/status/419884862422532096","26970305",
"419883270965170177","Sun Jan 05 17:29:07 +0000 2014","0","Kalo gitu gw tidur ga pake bantal ah biar keliatan jadi orang yg bikin stress dan bikin depresi orang lain :p","419883270965170177","","","in","","0","0","0","https://x.com/undefined/status/419883270965170177","26970305",
"419883027150299136","Sun Jan 05 17:28:09 +0000 2014","0","Konon katanya orang yg butuh banyak bantal buat bisa tidur itu orang yg gampang stress dan depresi.","419883027150299136","","","in","","0","0","0","https://x.com/undefined/status/419883027150299136","26970305",
"419843080284413953","Sun Jan 05 14:49:25 +0000 2014","0","#LM Depresi Mania - @suckerheadband #ngerock with @aninakarin @nonebetawie","419843080284413953","","","ht","","0","0","0","https://x.com/undefined/status/419843080284413953","83979098",
"419803517088325632","Sun Jan 05 12:12:12 +0000 2014","4","Inilah 5 variasi tipe kebosanan. Dari yang menyenangkan sampai yang mengacu kepada depresi. Ketahui lebih jauh via http://t.co/PPylhTs15p","419803517088325632","","","in","","0","0","15","https://x.com/undefined/status/419803517088325632","36904795",
"419782392199798784","Sun Jan 05 10:48:16 +0000 2014","0","Durian mengandung banyak asam amino triptofan yang berguna untuk mengurangi rasa gelisah depresi dan mengobati insomnia.","419782392199798784","","","in","","0","0","0","https://x.com/undefined/status/419782392199798784","221879267",
"419704551516565508","Sun Jan 05 05:38:57 +0000 2014","8","haha RT @Mimakersdepok: Hai mblo...kalo jomblo jangan sampe depresi kaya gini ya... http://t.co/hugACpSCVp","419704551516565508","https://pbs.twimg.com/media/BdMV8E3CMAAsQwt.jpg","","in","","0","9","103","https://x.com/undefined/status/419704551516565508","813561294",
"419688324106694657","Sun Jan 05 04:34:28 +0000 2014","3","Peneliti di University of Birmingham menemukan bahwa ecstasy dan obat anti depresi (Prozac) berpotensi melawan/membunuh sel kanker darah.","419688324106694657","","","in","","0","1","30","https://x.com/undefined/status/419688324106694657","600155513",
"419644733808705536","Sun Jan 05 01:41:15 +0000 2014","0","Durian mengandung banyak asam amino triptofan yang berguna untuk mengurangi rasa gelisah depresi dan mengobati insomnia.","419644733808705536","","","in","","0","0","0","https://x.com/undefined/status/419644733808705536","221879267",
"419627110911987712","Sun Jan 05 00:31:14 +0000 2014","17","Menonton TV sampai larut malam dan membiarkan TV tetap hidup saat tertidur membuat Anda berisiko mengalami depresi. #Psikologi","419627110911987712","","","in","","0","6","313","https://x.com/undefined/status/419627110911987712","614166112",
"419621066965651456","Sun Jan 05 00:07:13 +0000 2014","0","Merokok Membuat Sulit Tidur dan Timbulkan Depresi http://t.co/HxayfLqUC0","419621066965651456","","","in","","0","1","9","https://x.com/undefined/status/419621066965651456","118646322",
"419507554918862848","Sat Jan 04 16:36:09 +0000 2014","0","Durian mengandung banyak asam amino triptofan yang berguna untuk mengurangi rasa gelisah depresi dan mengobati insomnia.","419507554918862848","","","in","","0","0","0","https://x.com/undefined/status/419507554918862848","221879267",
"419465873519558657","Sat Jan 04 13:50:32 +0000 2014","23","Mereka yang dapat mengekspresikan diri dengan baik akan terhindar dari depresi dan stres. #PIDinfo","419465873519558657","","","in","","0","7","284","https://x.com/undefined/status/419465873519558657","614166112",
"419430066083225600","Sat Jan 04 11:28:15 +0000 2014","1","Pikiran lagi kacau stres dan depresi berat karena jomblo? Ingat Adam Young juga jomblo tetap positif thinking yak.. #HootTips","419430066083225600","","","in","","0","0","3","https://x.com/undefined/status/419430066083225600","1014818894",
"418451578756952064","Wed Jan 01 18:40:05 +0000 2014","2","Depresi Seorang WNA Lompat dari Lantai 20 Apartemenya http://t.co/CrZSpkp2Gs","418451578756952064","","","in","","0","7","24","https://x.com/undefined/status/418451578756952064","69183155",
"418443872059277312","Wed Jan 01 18:09:28 +0000 2014","0","Durian mengandung banyak asam amino triptofan yang berguna untuk mengurangi rasa gelisah depresi dan mengobati insomnia.","418443872059277312","","","in","","0","0","0","https://x.com/undefined/status/418443872059277312","221879267",
"418438499084161024","Wed Jan 01 17:48:07 +0000 2014","0","Salah satu penyakit yang gejalanya sangat mirip dengan demensia (pikun) khususnya usia lanjut adalah depresi. http://t.co/9Pu0oVVen0","418438499084161024","","","in","","0","0","6","https://x.com/undefined/status/418438499084161024","36904795",
"418397209378308096","Wed Jan 01 15:04:02 +0000 2014","0","WN China Jatuh dari Apartemen Hayam Wuruk Diduga Depresi http://t.co/Cnwbt9juEY","418397209378308096","","","in","","0","1","4","https://x.com/undefined/status/418397209378308096","47596019",
"418376572429561856","Wed Jan 01 13:42:02 +0000 2014","0","Depresi Pemuda Bengkalis Tewas Tenggak Racun http://t.co/9v8xwUUJvE (HalloRiau)","418376572429561856","","","in","","0","0","1","https://x.com/undefined/status/418376572429561856","172425532",
"418267932037500928","Wed Jan 01 06:30:20 +0000 2014","2","Mereka yang baru saja menikah memiliki skor skala depresi 3 42 poin lebih rendah dibandingkan dengan mereka yang belum menikah. #Info","418267932037500928","","","in","","0","2","26","https://x.com/undefined/status/418267932037500928","583719445",
"418250865481228288","Wed Jan 01 05:22:31 +0000 2014","0","18. Sehingga dapat membantu kita lebih memahami perasaan emosi seperti depresi dan rasa cemas ","418250865481228288","","","in","","0","0","0","https://x.com/undefined/status/418250865481228288","2256063276",
"418250357794283520","Wed Jan 01 05:20:30 +0000 2014","0","9. Sama halnya saat merasa depresi. Sedangkan rasa jijik biasanya berpengaruh pada kerja tenggorokan dan sistem pencernaan tubuh.","418250357794283520","","","in","","0","0","0","https://x.com/undefined/status/418250357794283520","2256063276",
"418212215695896576","Wed Jan 01 02:48:56 +0000 2014","0","Durian mengandung banyak asam amino triptofan yang berguna untuk mengurangi rasa gelisah depresi dan mengobati insomnia.","418212215695896576","","","in","","0","0","0","https://x.com/undefined/status/418212215695896576","221879267",
"418042415522795520","Tue Dec 31 15:34:13 +0000 2013","0","Durian mengandung banyak asam amino triptofan yang berguna untuk mengurangi rasa gelisah depresi dan mengobati insomnia.","418042415522795520","","","in","","0","0","0","https://x.com/undefined/status/418042415522795520","221879267",
"418009884068962305","Tue Dec 31 13:24:57 +0000 2013","11","Terapi Shock untuk Depresi Ini Diklaim Bisa Hapus Kenangan Buruk http://t.co/KvvtuosAhV via @detikhealth","418009884068962305","","","in","","0","3","41","https://x.com/undefined/status/418009884068962305","69183155",
"417987257464008704","Tue Dec 31 11:55:02 +0000 2013","0","Durian mengandung banyak asam amino triptofan yang berguna untuk mengurangi rasa gelisah depresi dan mengobati insomnia.","417987257464008704","","","in","","0","0","0","https://x.com/undefined/status/417987257464008704","1533146886",
"417975735962578944","Tue Dec 31 11:09:15 +0000 2013","3","Terapi Shock untuk Depresi Ini Diklaim Bisa Hapus Kenangan Buruk http://t.co/OJ2VoBKdKQ","417975735962578944","","","in","","0","0","8","https://x.com/undefined/status/417975735962578944","104446991",
"417857461874589696","Tue Dec 31 03:19:16 +0000 2013","0","Durian mengandung banyak asam amino triptofan yang berguna untuk mengurangi rasa gelisah depresi dan mengobati insomnia.","417857461874589696","","","in","","0","0","0","https://x.com/undefined/status/417857461874589696","221879267",
"417705484674945024","Mon Dec 30 17:15:22 +0000 2013","0","Durian mengandung banyak asam amino triptofan yang berguna untuk mengurangi rasa gelisah depresi dan mengobati insomnia.","417705484674945024","","","in","","0","0","0","https://x.com/undefined/status/417705484674945024","221879267",
"417627472402714624","Mon Dec 30 12:05:23 +0000 2013","1","Andi Soraya Tak Pernah Depresi karena Masalah Rumah Tangganya http://t.co/KvYk2QUTTT via @detikhot","417627472402714624","","","in","","0","1","7","https://x.com/undefined/status/417627472402714624","69183155",
"417608845964226560","Mon Dec 30 10:51:22 +0000 2013","0","Andi Soraya Tak Pernah Depresi karena Masalah Rumah Tangganya http://t.co/4wovjaiLkI","417608845964226560","","","in","","0","0","2","https://x.com/undefined/status/417608845964226560","137282671",
"417559498061283328","Mon Dec 30 07:35:16 +0000 2013","23","Humor dapat menjadi obat mujarab untuk menghilangkan stres depresi suasana hati yang buruk dan meningkatkan sistem kekebalan tubuh.","417559498061283328","","","in","","0","1","402","https://x.com/undefined/status/417559498061283328","614166112",
"417547474924892160","Mon Dec 30 06:47:30 +0000 2013","27","Salah satu efek negatif dari kecanduan internet adalah depresi sulit konsentrasi dan bersikap cuek terhadap lingkungan sekitar.","417547474924892160","","","in","","0","12","402","https://x.com/undefined/status/417547474924892160","342430660",
"417514141104869376","Mon Dec 30 04:35:02 +0000 2013","0","Over-thinking terhadap sesuatu bisa bikin kinerja otak kamu melambat bahkan bisa menimbulkan depresi. | #Workkaccino","417514141104869376","","","in","","0","0","28","https://x.com/undefined/status/417514141104869376","68657632",
"416596981570871298","Fri Dec 27 15:50:35 +0000 2013","3","Masalah tidur erat kaitannya dengan depresi dan kecemasan. [University of Warwick] #Psikologi","416596981570871298","","","in","","0","0","55","https://x.com/undefined/status/416596981570871298","583719445",
"416488717529128960","Fri Dec 27 08:40:22 +0000 2013","0","Orang yang rutin mengkonsumsi makanan cepat saji adalah 51% lebih mungkin untuk menderita depresi. [medicalxpress] #Psikologi","416488717529128960","","","in","","0","2","45","https://x.com/undefined/status/416488717529128960","583719445",
"416487593383952384","Fri Dec 27 08:35:54 +0000 2013","11","Kelebihan berat badan itu bisa buat depresi. Sialnya obat depresi paling manjur itu makan-makan!","416487593383952384","","","in","","0","4","58","https://x.com/undefined/status/416487593383952384","153812292",
"416476110265004034","Fri Dec 27 07:50:17 +0000 2013","21","Video games lebih efektif untuk memerangi depresi daripada konseling. #Psikologi","416476110265004034","","","in","","0","10","298","https://x.com/undefined/status/416476110265004034","614166112",
"416418794471313408","Fri Dec 27 04:02:31 +0000 2013","8","Dalam Psikologi ada beberapa tahapan respon terhadap fakta yg menyebalkan. Yaitu Penyangkalan marah depresi Kompromi &amp; nerima #PraKhotbah","416418794471313408","","","in","","0","0","69","https://x.com/undefined/status/416418794471313408","43486890",
"416395723161473024","Fri Dec 27 02:30:51 +0000 2013","20","Bernyanyi ketika kita berada di kamar mandi ternyata efektif untuk mengurangi stres dan depresi. #Psikologi","416395723161473024","","","in","","0","7","556","https://x.com/undefined/status/416395723161473024","614166112",
"416381894855757824","Fri Dec 27 01:35:54 +0000 2013","13","Menonton TV sampai larut malam dan membiarkan TV tetap hidup saat tertidur membuat Anda berisiko mengalami depresi. #Psikologi","416381894855757824","","","in","","0","16","299","https://x.com/undefined/status/416381894855757824","614166112",
"416367065046331393","Fri Dec 27 00:36:58 +0000 2013","1","Salah satu penyakit yang gejalanya sangat mirip dengan demensia (pikun) khususnya usia lanjut adalah depresi. http://t.co/9Pu0oVVen0","416367065046331393","","","in","","0","3","6","https://x.com/undefined/status/416367065046331393","36904795",
"416361025256976385","Fri Dec 27 00:12:58 +0000 2013","7","Perempuan yang secara teratur minum kopi berkafein kemungkinannya terkena depresi 20 persen lebih jarang http://t.co/qMm5Ah7ldp","416361025256976385","","","in","","0","4","33","https://x.com/undefined/status/416361025256976385","36904795",
"416199620520587264","Thu Dec 26 13:31:36 +0000 2013","4","Penelitian membuktikan 60% penderita depresi yg menjalani olahraga 30 menit 3x seminggu scr rutin dpt memperbaiki perasaan hatinya. Wow!","416199620520587264","","","in","","0","1","48","https://x.com/undefined/status/416199620520587264","76540248",
"416128087814713344","Thu Dec 26 08:47:22 +0000 2013","0","Wanita Kurang Tidur Potensial Depresi dan Marah-marah http://t.co/qXYfYkhf6b","416128087814713344","","","in","","0","0","0","https://x.com/undefined/status/416128087814713344","115936810",
"415869497807872001","Wed Dec 25 15:39:49 +0000 2013","0","#np1059fm @NuSahaMusic - Bila | @myLASTCHILD - Diary Depresi | #EBSNineOneOne w/ @ARYOpermadi | cc : @DeniSaha","415869497807872001","","","in","","0","0","0","https://x.com/undefined/status/415869497807872001","69187790",
"415868883392675840","Wed Dec 25 15:37:22 +0000 2013","0","Tambah kurus -&gt; tambah jelek -&gt; ga dapet pacar -&gt; ga menikah -&gt; ga punya keturunan -&gt; sendirian -&gt; depresi -&gt; penyakitan -&gt; MATI.","415868883392675840","","","in","","0","2","10","https://x.com/undefined/status/415868883392675840","96837607",
"415724875933032448","Wed Dec 25 06:05:08 +0000 2013","38","Bipolar : Suasana hati penderitanya yg dapat berganti secara tiba-tiba antara kebahagiaan (mania) dan kesedihan (depresi) yang ekstrim. #PID","415724875933032448","","","in","","0","9","284","https://x.com/undefined/status/415724875933032448","614166112",
"415684652519944192","Wed Dec 25 03:25:18 +0000 2013","6","Mari menjadi inspirasi untuk mereka yg depresi. Mari menjadi cahaya untuk mereka yg dalam bahaya. Mari menjadi pelita untuk mereka yg gulita","415684652519944192","","","in","","0","0","86","https://x.com/undefined/status/415684652519944192","1422951168",
"415507224107425793","Tue Dec 24 15:40:16 +0000 2013","10","Depresi Facebook adalah fenomena kesehatan mental yang disebabkan terlalu banyak menghabiskan waktu mengakses jejaring sosial tersebut. #PID","415507224107425793","","","in","","0","4","128","https://x.com/undefined/status/415507224107425793","614166112",
"415473953457446912","Tue Dec 24 13:28:04 +0000 2013","1","Cooper Jadi Depresi Usai Konsumsi Air Kemasan Mengandung Sperma http://t.co/t5nsp3od4O","415473953457446912","","","in","","0","0","3","https://x.com/undefined/status/415473953457446912","47596019",
"415471639128600576","Tue Dec 24 13:18:52 +0000 2013","0","Hidup - Perilaku Orang Tua Pengaruhi Level Depresi Anak http://t.co/Ay9DA988zX","415471639128600576","","","in","","0","0","5","https://x.com/undefined/status/415471639128600576","88352716",
"415446662924890112","Tue Dec 24 11:39:37 +0000 2013","2","Cooper Jadi Depresi Usai Konsumsi Air Kemasan Mengandung Sperma http://t.co/l2UeEeuNvV","415446662924890112","","","in","","0","1","7","https://x.com/undefined/status/415446662924890112","47596019",
"415419140615049217","Tue Dec 24 09:50:15 +0000 2013","1","Perilaku Orang Tua Pengaruhi Level Depresi Anak http://t.co/KhoKyfwQmf","415419140615049217","","","in","","0","0","2","https://x.com/undefined/status/415419140615049217","18129942",
